date,y
2013-01-01T00:00:00.000000000,1.62434536
2013-01-02T00:00:00.000000000,-0.936625486
2013-01-03T00:00:00.000000000,0.0814831396
2013-01-04T00:00:00.000000000,-0.663557587
2013-01-05T00:00:00.000000000,0.738022904
2013-01-06T00:00:00.000000000,-2.95496234
2013-01-07T00:00:00.000000000,2.14285121
2013-01-08T00:00:00.000000000,-1.54100857
2013-01-09T00:00:00.000000000,0.304262396
2013-01-10T00:00:00.000000000,-0.0180967357
2013-01-11T00:00:00.000000000,1.37933167
2013-01-12T00:00:00.000000000,-2.33166168
2013-01-13T00:00:00.000000000,0.453432206
2013-01-14T00:00:00.000000000,-0.498980746
2013-01-15T00:00:00.000000000,0.495812939
2013-01-16T00:00:00.000000000,-1.53858662
2013-01-17T00:00:00.000000000,0.272464572
2013-01-18T00:00:00.000000000,-0.833209324
2013-01-19T00:00:00.000000000,-0.163910412
2013-01-20T00:00:00.000000000,0.259286477
2013-01-21T00:00:00.000000000,-1.46787562
2013-01-22T00:00:00.000000000,1.55235623
2013-01-23T00:00:00.000000000,0.51730479
2013-01-24T00:00:00.000000000,0.335407555
2013-01-25T00:00:00.000000000,1.41425141
2013-01-26T00:00:00.000000000,-0.442673531
2013-01-27T00:00:00.000000000,0.434860433
2013-01-28T00:00:00.000000000,-0.846052962
2013-01-29T00:00:00.000000000,-0.322719618
2013-01-30T00:00:00.000000000,0.266335185
2013-01-31T00:00:00.000000000,-1.1588291
2013-02-01T00:00:00.000000000,-0.17968116
2013-02-02T00:00:00.000000000,-0.65621358
2013-02-03T00:00:00.000000000,-1.03429539
2013-02-04T00:00:00.000000000,-0.827382871
2013-02-05T00:00:00.000000000,-0.338128875
2013-02-06T00:00:00.000000000,-1.56971296
2013-02-07T00:00:00.000000000,0.252704549
2013-02-08T00:00:00.000000000,1.27392655
2013-02-09T00:00:00.000000000,0.14521533
2013-02-10T00:00:00.000000000,0.228020978
2013-02-11T00:00:00.000000000,-0.128707952
2013-02-12T00:00:00.000000000,-0.404569918
2013-02-13T00:00:00.000000000,1.5180469
2013-02-14T00:00:00.000000000,-0.778119343
2013-02-15T00:00:00.000000000,-0.363568305
2013-02-16T00:00:00.000000000,0.841293321
2013-02-17T00:00:00.000000000,1.88621567
2013-02-18T00:00:00.000000000,-0.433716123
2013-02-19T00:00:00.000000000,1.28052251
2013-02-20T00:00:00.000000000,0.842853925
2013-02-21T00:00:00.000000000,-0.191075292
2013-02-22T00:00:00.000000000,-0.7968562
2013-02-23T00:00:00.000000000,-0.136462941
2013-02-24T00:00:00.000000000,-0.587456102
2013-02-25T00:00:00.000000000,0.180843762
2013-02-26T00:00:00.000000000,0.554187689
2013-02-27T00:00:00.000000000,0.876624086
2013-02-28T00:00:00.000000000,0.527048891
2013-03-01T00:00:00.000000000,1.35904935
2013-03-02T00:00:00.000000000,-0.566419352
2013-03-03T00:00:00.000000000,1.75496629
2013-03-04T00:00:00.000000000,0.301579156
2013-03-05T00:00:00.000000000,-0.251137735
2013-03-06T00:00:00.000000000,1.07787611
2013-03-07T00:00:00.000000000,-0.108824247
2013-03-08T00:00:00.000000000,1.20387132
2013-03-09T00:00:00.000000000,1.41737487
2013-03-10T00:00:00.000000000,2.19842935
2013-03-11T00:00:00.000000000,-1.03817756
2013-03-12T00:00:00.000000000,-0.0531968714
2013-03-13T00:00:00.000000000,0.0210806195
2013-03-14T00:00:00.000000000,-0.5912528
2013-03-15T00:00:00.000000000,0.259587607
2013-03-16T00:00:00.000000000,0.037072525
2013-03-17T00:00:00.000000000,-1.77446641
2013-03-18T00:00:00.000000000,0.455777391
2013-03-19T00:00:00.000000000,0.377245565
2013-03-20T00:00:00.000000000,-0.634021762
2013-03-21T00:00:00.000000000,0.872523422
2013-03-22T00:00:00.000000000,-0.0573095653
2013-03-23T00:00:00.000000000,0.141339334
2013-03-24T00:00:00.000000000,0.388617916
2013-03-25T00:00:00.000000000,0.245813506
2013-03-26T00:00:00.000000000,0.112030387
2013-03-27T00:00:00.000000000,0.258332613
2013-03-28T00:00:00.000000000,-0.511958605
2013-03-29T00:00:00.000000000,0.606888753
2013-03-30T00:00:00.000000000,-0.119187578
2013-03-31T00:00:00.000000000,1.0171901
2013-04-01T00:00:00.000000000,1.12283662
2013-04-02T00:00:00.000000000,0.320764395
2013-04-03T00:00:00.000000000,0.286204303
2013-04-04T00:00:00.000000000,-0.148451128
2013-04-05T00:00:00.000000000,0.494201876
2013-04-06T00:00:00.000000000,-0.31156341
2013-04-07T00:00:00.000000000,-0.423892505
2013-04-08T00:00:00.000000000,0.262617919
2013-04-09T00:00:00.000000000,-0.708674297
2013-04-10T00:00:00.000000000,0.731955157
2013-04-11T00:00:00.000000000,-0.759656168
2013-04-12T00:00:00.000000000,1.33734277
2013-04-13T00:00:00.000000000,0.233861142
2013-04-14T00:00:00.000000000,0.746093937
2013-04-15T00:00:00.000000000,-0.725227746
2013-04-16T00:00:00.000000000,0.687485852
2013-04-17T00:00:00.000000000,0.556279968
2013-04-18T00:00:00.000000000,-1.37947072
2013-04-19T00:00:00.000000000,0.19750328
2013-04-20T00:00:00.000000000,0.0219150027
2013-04-21T00:00:00.000000000,-1.74561596
2013-04-22T00:00:00.000000000,0.519701668
2013-04-23T00:00:00.000000000,0.380977937
2013-04-24T00:00:00.000000000,-1.34613545
2013-04-25T00:00:00.000000000,0.870845179
2013-04-26T00:00:00.000000000,-1.38639919
2013-04-27T00:00:00.000000000,0.0710701843
2013-04-28T00:00:00.000000000,-1.89655448
2013-04-29T00:00:00.000000000,1.0392785
2013-04-30T00:00:00.000000000,-0.311723363
2013-05-01T00:00:00.000000000,-0.254703457
2013-05-02T00:00:00.000000000,-0.311142754
2013-05-03T00:00:00.000000000,1.54407333
2013-05-04T00:00:00.000000000,1.47241699
2013-05-05T00:00:00.000000000,-2.10182392
2013-05-06T00:00:00.000000000,2.58001771
2013-05-07T00:00:00.000000000,1.41315391
2013-05-08T00:00:00.000000000,-0.174063804
2013-05-09T00:00:00.000000000,-0.407725937
2013-05-10T00:00:00.000000000,1.69289766
2013-05-11T00:00:00.000000000,-0.611966266
2013-05-12T00:00:00.000000000,-0.668513382
2013-05-13T00:00:00.000000000,-0.904546505
2013-05-14T00:00:00.000000000,0.561096844
2013-05-15T00:00:00.000000000,0.132505738
2013-05-16T00:00:00.000000000,-0.985948295
2013-05-17T00:00:00.000000000,1.04828579
2013-05-18T00:00:00.000000000,-1.19767382
2013-05-19T00:00:00.000000000,0.999842992
2013-05-20T00:00:00.000000000,-0.300934424
2013-05-21T00:00:00.000000000,-0.298627339
2013-05-22T00:00:00.000000000,0.190096581
2013-05-23T00:00:00.000000000,0.847234589
2013-05-24T00:00:00.000000000,0.490139715
2013-05-25T00:00:00.000000000,0.609525082
2013-05-26T00:00:00.000000000,0.517597484
2013-05-27T00:00:00.000000000,0.434243975
2013-05-28T00:00:00.000000000,0.802965997
2013-05-29T00:00:00.000000000,0.173475208
2013-05-30T00:00:00.000000000,0.844912912
2013-05-31T00:00:00.000000000,-0.191364609
2013-06-01T00:00:00.000000000,-2.09830062
2013-06-02T00:00:00.000000000,1.63752254
2013-06-03T00:00:00.000000000,1.15572837
2013-06-04T00:00:00.000000000,-0.414835435
2013-06-05T00:00:00.000000000,0.779313153
2013-06-06T00:00:00.000000000,0.67208953
2013-06-07T00:00:00.000000000,0.0105975241
2013-06-08T00:00:00.000000000,-0.0297597473
2013-06-09T00:00:00.000000000,-1.20215029
2013-06-10T00:00:00.000000000,-0.323184146
2013-06-11T00:00:00.000000000,-1.22499073
2013-06-12T00:00:00.000000000,-0.0435294291
2013-06-13T00:00:00.000000000,-0.80063737
2013-06-14T00:00:00.000000000,0.330071255
2013-06-15T00:00:00.000000000,-0.288098022
2013-06-16T00:00:00.000000000,1.08084687
2013-06-17T00:00:00.000000000,0.112419313
2013-06-18T00:00:00.000000000,2.39148256
2013-06-19T00:00:00.000000000,-1.97454014
2013-06-20T00:00:00.000000000,0.453625585
2013-06-21T00:00:00.000000000,1.11917187
2013-06-22T00:00:00.000000000,1.58504505
2013-06-23T00:00:00.000000000,-0.677928858
2013-06-24T00:00:00.000000000,1.12233973
2013-06-25T00:00:00.000000000,0.448859238
2013-06-26T00:00:00.000000000,1.31523023
2013-06-27T00:00:00.000000000,-0.608392861
2013-06-28T00:00:00.000000000,1.06907427
2013-06-29T00:00:00.000000000,-0.142570792
2013-06-30T00:00:00.000000000,-1.09076984
2013-07-01T00:00:00.000000000,0.676139944
2013-07-02T00:00:00.000000000,-0.0372328369
2013-07-03T00:00:00.000000000,0.904885609
2013-07-04T00:00:00.000000000,-0.124072443
2013-07-05T00:00:00.000000000,-0.0563494496
2013-07-06T00:00:00.000000000,1.04106717
2013-07-07T00:00:00.000000000,-0.0901578541
2013-07-08T00:00:00.000000000,0.216137369
2013-07-09T00:00:00.000000000,0.111803737
2013-07-10T00:00:00.000000000,1.33138176
2013-07-11T00:00:00.000000000,0.199690714
2013-07-12T00:00:00.000000000,2.15692792
2013-07-13T00:00:00.000000000,1.18907434
2013-07-14T00:00:00.000000000,1.11908388
2013-07-15T00:00:00.000000000,-0.854533678
2013-07-16T00:00:00.000000000,1.4588389
2013-07-17T00:00:00.000000000,0.00930178423
2013-07-18T00:00:00.000000000,0.419359514
2013-07-19T00:00:00.000000000,1.18903221
2013-07-20T00:00:00.000000000,-0.240396448
2013-07-21T00:00:00.000000000,1.46079939
2013-07-22T00:00:00.000000000,-0.534037384
2013-07-23T00:00:00.000000000,2.19427739
2013-07-24T00:00:00.000000000,-1.64441723
2013-07-25T00:00:00.000000000,-1.07652643
2013-07-26T00:00:00.000000000,-1.11170563
2013-07-27T00:00:00.000000000,-1.4882034
2013-07-28T00:00:00.000000000,-1.96442723
2013-07-29T00:00:00.000000000,1.41751893
2013-07-30T00:00:00.000000000,-1.32061657
2013-07-31T00:00:00.000000000,-1.02628684
2013-08-01T00:00:00.000000000,1.87179196
2013-08-02T00:00:00.000000000,-1.31015312
2013-08-03T00:00:00.000000000,-1.18803643
2013-08-04T00:00:00.000000000,1.28156731
2013-08-05T00:00:00.000000000,-0.0988188036
2013-08-06T00:00:00.000000000,-0.667933453
2013-08-07T00:00:00.000000000,1.94429167
2013-08-08T00:00:00.000000000,-0.0958847723
2013-08-09T00:00:00.000000000,1.88290428
2013-08-10T00:00:00.000000000,0.640343436
2013-08-11T00:00:00.000000000,1.98207272
2013-08-12T00:00:00.000000000,0.433548733
2013-08-13T00:00:00.000000000,-0.623161009
2013-08-14T00:00:00.000000000,3.19378
2013-08-15T00:00:00.000000000,-1.36875041
2013-08-16T00:00:00.000000000,0.279204246
2013-08-17T00:00:00.000000000,-0.089552588
2013-08-18T00:00:00.000000000,-0.286698357
2013-08-19T00:00:00.000000000,0.0135774205
2013-08-20T00:00:00.000000000,-0.117841596
2013-08-21T00:00:00.000000000,0.632436749
2013-08-22T00:00:00.000000000,1.79330404
2013-08-23T00:00:00.000000000,-0.220041074
2013-08-24T00:00:00.000000000,-0.473074272
2013-08-25T00:00:00.000000000,-0.434185888
2013-08-26T00:00:00.000000000,-0.835366485
2013-08-27T00:00:00.000000000,-2.26567656
2013-08-28T00:00:00.000000000,0.605447193
2013-08-29T00:00:00.000000000,-1.36520463
2013-08-30T00:00:00.000000000,-0.466092061
2013-08-31T00:00:00.000000000,0.158350391
2013-09-01T00:00:00.000000000,-1.63900169
2013-09-02T00:00:00.000000000,-0.675855214
2013-09-03T00:00:00.000000000,0.427421226
2013-09-04T00:00:00.000000000,-0.19378421
2013-09-05T00:00:00.000000000,-0.622861207
2013-09-06T00:00:00.000000000,2.2871445
2013-09-07T00:00:00.000000000,-1.61522375
2013-09-08T00:00:00.000000000,0.326367069
2013-09-09T00:00:00.000000000,-0.0103999036
2013-09-10T00:00:00.000000000,-3.24213129
2013-09-11T00:00:00.000000000,2.32339773
2013-09-12T00:00:00.000000000,-0.928351171
2013-09-13T00:00:00.000000000,-1.37452264
2013-09-14T00:00:00.000000000,2.95124957
2013-09-15T00:00:00.000000000,-0.0280498986
2013-09-16T00:00:00.000000000,0.614368958
2013-09-17T00:00:00.000000000,0.0981470067
2013-09-18T00:00:00.000000000,0.532178846
2013-09-19T00:00:00.000000000,-1.60016654
2013-09-20T00:00:00.000000000,0.949929455
2013-09-21T00:00:00.000000000,-0.959280815
2013-09-22T00:00:00.000000000,-0.0102604062
2013-09-23T00:00:00.000000000,1.30142156
2013-09-24T00:00:00.000000000,-0.0277798983
2013-09-25T00:00:00.000000000,0.606348741
2013-09-26T00:00:00.000000000,0.670046708
2013-09-27T00:00:00.000000000,-0.624406798
2013-09-28T00:00:00.000000000,1.14434907
2013-09-29T00:00:00.000000000,1.23912648
2013-09-30T00:00:00.000000000,0.480953773
2013-10-01T00:00:00.000000000,1.44695683
2013-10-02T00:00:00.000000000,-0.363613851
2013-10-03T00:00:00.000000000,-0.199216577
2013-10-04T00:00:00.000000000,-1.26503039
2013-10-05T00:00:00.000000000,0.996907653
2013-10-06T00:00:00.000000000,-1.19322946
2013-10-07T00:00:00.000000000,1.38809303
2013-10-08T00:00:00.000000000,-0.76845851
2013-10-09T00:00:00.000000000,0.0625725762
2013-10-10T00:00:00.000000000,0.368306562
2013-10-11T00:00:00.000000000,0.536538852
2013-10-12T00:00:00.000000000,-0.226164987
2013-10-13T00:00:00.000000000,0.504037263
2013-10-14T00:00:00.000000000,0.268962696
2013-10-15T00:00:00.000000000,0.255444692
2013-10-16T00:00:00.000000000,-1.08361187
2013-10-17T00:00:00.000000000,0.362335691
2013-10-18T00:00:00.000000000,-0.484549103
2013-10-19T00:00:00.000000000,-0.330171557
2013-10-20T00:00:00.000000000,0.472005884
2013-10-21T00:00:00.000000000,-0.852166495
2013-10-22T00:00:00.000000000,0.182281223
2013-10-23T00:00:00.000000000,-0.336962753
2013-10-24T00:00:00.000000000,0.247218531
2013-10-25T00:00:00.000000000,0.586749277
2013-10-26T00:00:00.000000000,-1.07639736
2013-10-27T00:00:00.000000000,1.13761728
2013-10-28T00:00:00.000000000,1.89740485
2013-10-29T00:00:00.000000000,-1.99516804
2013-10-30T00:00:00.000000000,0.259567615
2013-10-31T00:00:00.000000000,-0.536155302
2013-11-01T00:00:00.000000000,-0.793380848
2013-11-02T00:00:00.000000000,1.16544378
2013-11-03T00:00:00.000000000,-0.659119737
2013-11-04T00:00:00.000000000,-0.294238721
2013-11-05T00:00:00.000000000,1.25160275
2013-11-06T00:00:00.000000000,-0.928567508
2013-11-07T00:00:00.000000000,1.22150604
2013-11-08T00:00:00.000000000,0.0871842998
2013-11-09T00:00:00.000000000,1.48480828
2013-11-10T00:00:00.000000000,-0.510496362
2013-11-11T00:00:00.000000000,3.67133989
2013-11-12T00:00:00.000000000,0.436643749
2013-11-13T00:00:00.000000000,1.20051709
2013-11-14T00:00:00.000000000,0.974528043
2013-11-15T00:00:00.000000000,-0.271609996
2013-11-16T00:00:00.000000000,-0.541631742
2013-11-17T00:00:00.000000000,-0.195459261
2013-11-18T00:00:00.000000000,-1.24808406
2013-11-19T00:00:00.000000000,0.141005868
2013-11-20T00:00:00.000000000,-1.16260671
2013-11-21T00:00:00.000000000,0.631923965
2013-11-22T00:00:00.000000000,0.668878648
2013-11-23T00:00:00.000000000,-0.958569268
2013-11-24T00:00:00.000000000,1.80701549
2013-11-25T00:00:00.000000000,-0.40139479
2013-11-26T00:00:00.000000000,1.34892994
2013-11-27T00:00:00.000000000,0.49353201
2013-11-28T00:00:00.000000000,1.30989884
2013-11-29T00:00:00.000000000,-0.74344919
2013-11-30T00:00:00.000000000,0.560758373
2013-12-01T00:00:00.000000000,1.51038062
2013-12-02T00:00:00.000000000,-1.23946683
2013-12-03T00:00:00.000000000,-1.51020327
2013-12-04T00:00:00.000000000,-1.28513121
2013-12-05T00:00:00.000000000,-2.91449424
2013-12-06T00:00:00.000000000,-2.80681291
2013-12-07T00:00:00.000000000,-1.32351533
2013-12-08T00:00:00.000000000,-0.0253254569
2013-12-09T00:00:00.000000000,-1.45567582
2013-12-10T00:00:00.000000000,0.672039885
2013-12-11T00:00:00.000000000,0.0761926801
2013-12-12T00:00:00.000000000,-0.0050633343
2013-12-13T00:00:00.000000000,-0.10584787
2013-12-14T00:00:00.000000000,-0.17097334
2013-12-15T00:00:00.000000000,0.448105201
2013-12-16T00:00:00.000000000,-1.37092925
2013-12-17T00:00:00.000000000,1.33141884
2013-12-18T00:00:00.000000000,0.503546926
2013-12-19T00:00:00.000000000,-0.428817576
2013-12-20T00:00:00.000000000,1.42344843
2013-12-21T00:00:00.000000000,-0.644934933
2013-12-22T00:00:00.000000000,-0.213853314
2013-12-23T00:00:00.000000000,0.294923154
2013-12-24T00:00:00.000000000,-0.59304403
2013-12-25T00:00:00.000000000,-0.52498158
2013-12-26T00:00:00.000000000,-0.592887585
2013-12-27T00:00:00.000000000,-0.614692831
2013-12-28T00:00:00.000000000,0.714311867
2013-12-29T00:00:00.000000000,-2.50013998
2013-12-30T00:00:00.000000000,0.855661252
2013-12-31T00:00:00.000000000,-0.608182223
2014-01-01T00:00:00.000000000,0.297852178
2014-01-02T00:00:00.000000000,0.404328137
2014-01-03T00:00:00.000000000,-2.73813623
2014-01-04T00:00:00.000000000,1.51401964
2014-01-05T00:00:00.000000000,-0.472893335
2014-01-06T00:00:00.000000000,-0.702358369
2014-01-07T00:00:00.000000000,-0.200370127
2014-01-08T00:00:00.000000000,1.05085711
2014-01-09T00:00:00.000000000,-0.717728848
2014-01-10T00:00:00.000000000,2.03270571
2014-01-11T00:00:00.000000000,0.329514904
2014-01-12T00:00:00.000000000,2.45145799
2014-01-13T00:00:00.000000000,-0.493369466
2014-01-14T00:00:00.000000000,-0.788155564
2014-01-15T00:00:00.000000000,1.47166295
2014-01-16T00:00:00.000000000,-0.0526917489
2014-01-17T00:00:00.000000000,-0.447521528
2014-01-18T00:00:00.000000000,-1.07561717
2014-01-19T00:00:00.000000000,0.126282712
2014-01-20T00:00:00.000000000,0.256534626
2014-01-21T00:00:00.000000000,-0.903779962
2014-01-22T00:00:00.000000000,-0.0281228156
2014-01-23T00:00:00.000000000,-0.0221191691
2014-01-24T00:00:00.000000000,-0.988871315
2014-01-25T00:00:00.000000000,-0.433670641
2014-01-26T00:00:00.000000000,-1.65276344
2014-01-27T00:00:00.000000000,1.61319054
2014-01-28T00:00:00.000000000,-1.41683759
2014-01-29T00:00:00.000000000,0.675106115
2014-01-30T00:00:00.000000000,-0.729631859
2014-01-31T00:00:00.000000000,0.999576621
2014-02-01T00:00:00.000000000,-2.19534935
2014-02-02T00:00:00.000000000,1.22704
2014-02-03T00:00:00.000000000,-0.54308077
2014-02-04T00:00:00.000000000,1.83191488
2014-02-05T00:00:00.000000000,-1.46308093
2014-02-06T00:00:00.000000000,0.960258433
2014-02-07T00:00:00.000000000,0.593177012
2014-02-08T00:00:00.000000000,0.790406752
2014-02-09T00:00:00.000000000,-0.536353112
2014-02-10T00:00:00.000000000,0.651075101
2014-02-11T00:00:00.000000000,-1.91674694
2014-02-12T00:00:00.000000000,-0.502593285
2014-02-13T00:00:00.000000000,0.000849026594
2014-02-14T00:00:00.000000000,0.122060458
2014-02-15T00:00:00.000000000,-0.616137008
2014-02-16T00:00:00.000000000,2.57943986
2014-02-17T00:00:00.000000000,1.59570954
2014-02-18T00:00:00.000000000,0.119683439
2014-02-19T00:00:00.000000000,-1.25639108
2014-02-20T00:00:00.000000000,-0.784986755
2014-02-21T00:00:00.000000000,-1.1645922
2014-02-22T00:00:00.000000000,0.0140920602
2014-02-23T00:00:00.000000000,-0.679523495
2014-02-24T00:00:00.000000000,-2.05490759
2014-02-25T00:00:00.000000000,0.617917753
2014-02-26T00:00:00.000000000,1.12392188
2014-02-27T00:00:00.000000000,-1.39438106
2014-02-28T00:00:00.000000000,-0.259630016
2014-03-01T00:00:00.000000000,2.57618503
2014-03-02T00:00:00.000000000,-0.694947575
2014-03-03T00:00:00.000000000,-0.0984426606
2014-03-04T00:00:00.000000000,1.07840867
2014-03-05T00:00:00.000000000,-0.180592974
2014-03-06T00:00:00.000000000,-0.471272205
2014-03-07T00:00:00.000000000,1.40448435
2014-03-08T00:00:00.000000000,0.750417272
2014-03-09T00:00:00.000000000,0.851515413
2014-03-10T00:00:00.000000000,0.42618791
2014-03-11T00:00:00.000000000,1.75444683
2014-03-12T00:00:00.000000000,-0.0576903523
2014-03-13T00:00:00.000000000,0.789787731
2014-03-14T00:00:00.000000000,1.26951755
2014-03-15T00:00:00.000000000,0.727189193
2014-03-16T00:00:00.000000000,2.07808485
2014-03-17T00:00:00.000000000,0.646092448
2014-03-18T00:00:00.000000000,-0.994737076
2014-03-19T00:00:00.000000000,-0.151046498
2014-03-20T00:00:00.000000000,1.21230805
2014-03-21T00:00:00.000000000,-1.45457356
2014-03-22T00:00:00.000000000,0.509776793
2014-03-23T00:00:00.000000000,-0.623116391
2014-03-24T00:00:00.000000000,1.18774935
2014-03-25T00:00:00.000000000,-0.724483487
2014-03-26T00:00:00.000000000,1.57990242
2014-03-27T00:00:00.000000000,-0.639040916
2014-03-28T00:00:00.000000000,1.546563
2014-03-29T00:00:00.000000000,0.728531691
2014-03-30T00:00:00.000000000,-0.681501314
2014-03-31T00:00:00.000000000,1.78123356
2014-04-01T00:00:00.000000000,-1.1358325
2014-04-02T00:00:00.000000000,-0.529158963
2014-04-03T00:00:00.000000000,0.945413283
2014-04-04T00:00:00.000000000,-1.28691476
2014-04-05T00:00:00.000000000,-0.499001436
2014-04-06T00:00:00.000000000,-0.196221309
2014-04-07T00:00:00.000000000,-1.29714457
2014-04-08T00:00:00.000000000,0.963705115
2014-04-09T00:00:00.000000000,-0.00370515317
2014-04-10T00:00:00.000000000,-0.17758407
2014-04-11T00:00:00.000000000,0.401526405
2014-04-12T00:00:00.000000000,0.633589727
2014-04-13T00:00:00.000000000,1.62198777
2014-04-14T00:00:00.000000000,0.620431816
2014-04-15T00:00:00.000000000,-0.0180039108
2014-04-16T00:00:00.000000000,1.6700021
2014-04-17T00:00:00.000000000,-0.165501213
2014-04-18T00:00:00.000000000,-0.0945553281
2014-04-19T00:00:00.000000000,2.10386542
2014-04-20T00:00:00.000000000,-0.887562979
2014-04-21T00:00:00.000000000,0.104844622
2014-04-22T00:00:00.000000000,-1.42200826
2014-04-23T00:00:00.000000000,-1.28134493
2014-04-24T00:00:00.000000000,0.00220170711
2014-04-25T00:00:00.000000000,-1.79147582
2014-04-26T00:00:00.000000000,0.36903612
2014-04-27T00:00:00.000000000,-1.2910932
2014-04-28T00:00:00.000000000,-0.598187746
2014-04-29T00:00:00.000000000,0.648195497
2014-04-30T00:00:00.000000000,0.761323975
2014-05-01T00:00:00.000000000,0.27247259
2014-05-02T00:00:00.000000000,1.71997521
2014-05-03T00:00:00.000000000,2.08103756
2014-05-04T00:00:00.000000000,1.23626141
2014-05-05T00:00:00.000000000,-0.255730365
2014-05-06T00:00:00.000000000,0.901748293
2014-05-07T00:00:00.000000000,0.687759348
2014-05-08T00:00:00.000000000,-0.848021461
2014-05-09T00:00:00.000000000,0.692370705
2014-05-10T00:00:00.000000000,-1.60494086
2014-05-11T00:00:00.000000000,-0.501666981
2014-05-12T00:00:00.000000000,0.356442267
2014-05-13T00:00:00.000000000,-3.06519774
2014-05-14T00:00:00.000000000,-0.75021967
2014-05-15T00:00:00.000000000,-0.308637847
2014-05-16T00:00:00.000000000,-2.71929052
2014-05-17T00:00:00.000000000,0.0633706449
2014-05-18T00:00:00.000000000,-1.33210553
2014-05-19T00:00:00.000000000,-0.630367141
2014-05-20T00:00:00.000000000,-0.423391883
2014-05-21T00:00:00.000000000,-0.0862528576
2014-05-22T00:00:00.000000000,-0.766820609
2014-05-23T00:00:00.000000000,0.181537257
2014-05-24T00:00:00.000000000,-0.731442743
2014-05-25T00:00:00.000000000,0.534074172
2014-05-26T00:00:00.000000000,1.42915329
2014-05-27T00:00:00.000000000,-0.155417031
2014-05-28T00:00:00.000000000,0.805460087
2014-05-29T00:00:00.000000000,-0.630778154
2014-05-30T00:00:00.000000000,1.03618953
2014-05-31T00:00:00.000000000,-1.19498219
2014-06-01T00:00:00.000000000,-0.798426254
2014-06-02T00:00:00.000000000,0.699798561
2014-06-03T00:00:00.000000000,-0.400523504
2014-06-04T00:00:00.000000000,0.995545379
2014-06-05T00:00:00.000000000,1.4429853
2014-06-06T00:00:00.000000000,-0.441792689
2014-06-07T00:00:00.000000000,1.00132902
2014-06-08T00:00:00.000000000,2.0056984
2014-06-09T00:00:00.000000000,0.491064842
2014-06-10T00:00:00.000000000,1.08637885
2014-06-11T00:00:00.000000000,1.98168259
2014-06-12T00:00:00.000000000,-0.361967692
2014-06-13T00:00:00.000000000,1.36328054
2014-06-14T00:00:00.000000000,1.49241764
2014-06-15T00:00:00.000000000,1.34865574
2014-06-16T00:00:00.000000000,-0.516616235
2014-06-17T00:00:00.000000000,0.818612458
2014-06-18T00:00:00.000000000,0.677468256
2014-06-19T00:00:00.000000000,-0.682898085
2014-06-20T00:00:00.000000000,-0.294704481
2014-06-21T00:00:00.000000000,0.790479925
2014-06-22T00:00:00.000000000,-0.694454323
2014-06-23T00:00:00.000000000,-1.62957537
2014-06-24T00:00:00.000000000,0.818607298
2014-06-25T00:00:00.000000000,-1.13925912
2014-06-26T00:00:00.000000000,-1.0744521
2014-06-27T00:00:00.000000000,-1.4382256
2014-06-28T00:00:00.000000000,0.980162965
2014-06-29T00:00:00.000000000,-3.11905786
2014-06-30T00:00:00.000000000,-1.41948578
2014-07-01T00:00:00.000000000,-0.299966391
2014-07-02T00:00:00.000000000,0.106190927
2014-07-03T00:00:00.000000000,0.471360888
2014-07-04T00:00:00.000000000,-1.13099096
2014-07-05T00:00:00.000000000,0.814962778
2014-07-06T00:00:00.000000000,-1.42851295
2014-07-07T00:00:00.000000000,0.91351389
2014-07-08T00:00:00.000000000,-2.18523064
2014-07-09T00:00:00.000000000,0.0023419937
2014-07-10T00:00:00.000000000,0.922016249
2014-07-11T00:00:00.000000000,-0.914938306
2014-07-12T00:00:00.000000000,1.78157956
2014-07-13T00:00:00.000000000,-0.920869367
2014-07-14T00:00:00.000000000,0.917516009
2014-07-15T00:00:00.000000000,0.959489728
2014-07-16T00:00:00.000000000,-0.460613494
2014-07-17T00:00:00.000000000,1.78099841
2014-07-18T00:00:00.000000000,0.484937868
2014-07-19T00:00:00.000000000,-1.37309475
2014-07-20T00:00:00.000000000,4.86642578
2014-07-21T00:00:00.000000000,-0.469872899
2014-07-22T00:00:00.000000000,0.673960498
2014-07-23T00:00:00.000000000,-0.038107573
2014-07-24T00:00:00.000000000,0.588326464
2014-07-25T00:00:00.000000000,-0.863737252
2014-07-26T00:00:00.000000000,0.341228732
2014-07-27T00:00:00.000000000,0.129347054
2014-07-28T00:00:00.000000000,1.83399868
2014-07-29T00:00:00.000000000,0.0764566627
2014-07-30T00:00:00.000000000,1.15245914
2014-07-31T00:00:00.000000000,0.868334013
2014-08-01T00:00:00.000000000,-0.0262541176
2014-08-02T00:00:00.000000000,0.112086463
2014-08-03T00:00:00.000000000,1.20487036
2014-08-04T00:00:00.000000000,0.460260095
2014-08-05T00:00:00.000000000,-0.51016703
2014-08-06T00:00:00.000000000,-0.423239581
2014-08-07T00:00:00.000000000,0.200452855
2014-08-08T00:00:00.000000000,0.652058675
2014-08-09T00:00:00.000000000,-0.614071221
2014-08-10T00:00:00.000000000,2.08014995
2014-08-11T00:00:00.000000000,-0.784184126
2014-08-12T00:00:00.000000000,0.812326306
2014-08-13T00:00:00.000000000,-2.25322253
2014-08-14T00:00:00.000000000,-0.282436034
2014-08-15T00:00:00.000000000,-0.902386739
2014-08-16T00:00:00.000000000,-0.360829484
2014-08-17T00:00:00.000000000,1.33703752
2014-08-18T00:00:00.000000000,-0.246643842
2014-08-19T00:00:00.000000000,2.11340875
2014-08-20T00:00:00.000000000,0.894579189
2014-08-21T00:00:00.000000000,1.30067432
2014-08-22T00:00:00.000000000,-0.0287456954
2014-08-23T00:00:00.000000000,1.97263229
2014-08-24T00:00:00.000000000,-1.19390335
2014-08-25T00:00:00.000000000,0.985402413
2014-08-26T00:00:00.000000000,-0.957485703
2014-08-27T00:00:00.000000000,-0.501074833
2014-08-28T00:00:00.000000000,-1.49484554
2014-08-29T00:00:00.000000000,-0.665129484
2014-08-30T00:00:00.000000000,-0.139478269
2014-08-31T00:00:00.000000000,-0.732319296
2014-09-01T00:00:00.000000000,-1.38358015
2014-09-02T00:00:00.000000000,1.82499677
2014-09-03T00:00:00.000000000,-0.381887654
2014-09-04T00:00:00.000000000,0.97751372
2014-09-05T00:00:00.000000000,1.12600207
2014-09-06T00:00:00.000000000,-0.418327239
2014-09-07T00:00:00.000000000,-1.2740857
2014-09-08T00:00:00.000000000,-0.490307231
2014-09-09T00:00:00.000000000,0.625266305
2014-09-10T00:00:00.000000000,-2.15671864
2014-09-11T00:00:00.000000000,1.11967234
2014-09-12T00:00:00.000000000,-0.724132777
2014-09-13T00:00:00.000000000,0.444339923
2014-09-14T00:00:00.000000000,-1.84145069
2014-09-15T00:00:00.000000000,1.46606982
2014-09-16T00:00:00.000000000,-0.702326916
2014-09-17T00:00:00.000000000,0.696706133
2014-09-18T00:00:00.000000000,0.350918429
2014-09-19T00:00:00.000000000,1.0139386
2014-09-20T00:00:00.000000000,0.0611614362
2014-09-21T00:00:00.000000000,1.06012058
2014-09-22T00:00:00.000000000,-1.44940447
2014-09-23T00:00:00.000000000,-0.586368804
2014-09-24T00:00:00.000000000,0.711751301
2014-09-25T00:00:00.000000000,-0.96135807
2014-09-26T00:00:00.000000000,-0.327489526
2014-09-27T00:00:00.000000000,0.0720272641
2014-09-28T00:00:00.000000000,0.45726784
2014-09-29T00:00:00.000000000,-0.816198716
2014-09-30T00:00:00.000000000,0.725610192
2014-10-01T00:00:00.000000000,-1.04533896
2014-10-02T00:00:00.000000000,-0.24900452
2014-10-03T00:00:00.000000000,0.944756805
2014-10-04T00:00:00.000000000,0.477348926
2014-10-05T00:00:00.000000000,-1.13809496
2014-10-06T00:00:00.000000000,1.67492685
2014-10-07T00:00:00.000000000,-1.21467985
2014-10-08T00:00:00.000000000,0.863303812
2014-10-09T00:00:00.000000000,-2.10558098
2014-10-10T00:00:00.000000000,-0.829196008
2014-10-11T00:00:00.000000000,-0.635286788
2014-10-12T00:00:00.000000000,-0.969468325
2014-10-13T00:00:00.000000000,0.969086729
2014-10-14T00:00:00.000000000,0.416638818
2014-10-15T00:00:00.000000000,1.77180662
2014-10-16T00:00:00.000000000,1.5897984
2014-10-17T00:00:00.000000000,0.219654994
2014-10-18T00:00:00.000000000,0.624868568
2014-10-19T00:00:00.000000000,1.3993603
2014-10-20T00:00:00.000000000,-0.338180024
2014-10-21T00:00:00.000000000,0.0757254627
2014-10-22T00:00:00.000000000,-0.971001073
2014-10-23T00:00:00.000000000,0.125593751
2014-10-24T00:00:00.000000000,-3.2173633
2014-10-25T00:00:00.000000000,-0.330417127
2014-10-26T00:00:00.000000000,-1.7579037
2014-10-27T00:00:00.000000000,-0.0855817907
2014-10-28T00:00:00.000000000,-1.04798957
2014-10-29T00:00:00.000000000,-0.319511849
2014-10-30T00:00:00.000000000,1.47708637
2014-10-31T00:00:00.000000000,-1.56080601
2014-11-01T00:00:00.000000000,0.831888619
2014-11-02T00:00:00.000000000,-1.86918741
2014-11-03T00:00:00.000000000,0.249059852
2014-11-04T00:00:00.000000000,-0.0812624938
2014-11-05T00:00:00.000000000,0.236156474
2014-11-06T00:00:00.000000000,-0.920658929
2014-11-07T00:00:00.000000000,0.880434596
2014-11-08T00:00:00.000000000,0.242579145
2014-11-09T00:00:00.000000000,-0.256570349
2014-11-10T00:00:00.000000000,0.345205948
2014-11-11T00:00:00.000000000,0.523207836
2014-11-12T00:00:00.000000000,0.344408954
2014-11-13T00:00:00.000000000,-0.891521794
2014-11-14T00:00:00.000000000,-0.738234909
2014-11-15T00:00:00.000000000,2.56571345
2014-11-16T00:00:00.000000000,0.76103451
2014-11-17T00:00:00.000000000,-1.3826167
2014-11-18T00:00:00.000000000,2.05628829
2014-11-19T00:00:00.000000000,0.695823057
2014-11-20T00:00:00.000000000,0.343406978
2014-11-21T00:00:00.000000000,0.313424437
2014-11-22T00:00:00.000000000,-0.541318731
2014-11-23T00:00:00.000000000,0.270473783
2014-11-24T00:00:00.000000000,-0.690584007
2014-11-25T00:00:00.000000000,-0.10018956
2014-11-26T00:00:00.000000000,-0.497309591
2014-11-27T00:00:00.000000000,-0.185026972
2014-11-28T00:00:00.000000000,1.00468814
2014-11-29T00:00:00.000000000,0.906833626
2014-11-30T00:00:00.000000000,-1.16115176
2014-12-01T00:00:00.000000000,0.451023733
2014-12-02T00:00:00.000000000,-0.683977425
2014-12-03T00:00:00.000000000,0.88957222
2014-12-04T00:00:00.000000000,-0.679331362
2014-12-05T00:00:00.000000000,1.59073966
2014-12-06T00:00:00.000000000,-0.418072443
2014-12-07T00:00:00.000000000,0.538402616
2014-12-08T00:00:00.000000000,-1.06247388
2014-12-09T00:00:00.000000000,1.43680057
2014-12-10T00:00:00.000000000,-1.01992813
2014-12-11T00:00:00.000000000,-1.42648231
2014-12-12T00:00:00.000000000,-0.0134529602
2014-12-13T00:00:00.000000000,-2.74074624
2014-12-14T00:00:00.000000000,-0.194120906
2014-12-15T00:00:00.000000000,-0.75035959
2014-12-16T00:00:00.000000000,-0.435436915
2014-12-17T00:00:00.000000000,1.46469372
2014-12-18T00:00:00.000000000,-0.480428018
2014-12-19T00:00:00.000000000,1.40350705
2014-12-20T00:00:00.000000000,0.509887114
2014-12-21T00:00:00.000000000,-0.103825449
2014-12-22T00:00:00.000000000,-1.70222931
2014-12-23T00:00:00.000000000,1.39853669
2014-12-24T00:00:00.000000000,-1.37451128
2014-12-25T00:00:00.000000000,-0.220039575
2014-12-26T00:00:00.000000000,-1.14099379
2014-12-27T00:00:00.000000000,0.391282272
2014-12-28T00:00:00.000000000,-0.324319755
2014-12-29T00:00:00.000000000,-0.288428117
2014-12-30T00:00:00.000000000,-0.0233687478
2014-12-31T00:00:00.000000000,1.11741145
2015-01-01T00:00:00.000000000,0.724764551
2015-01-02T00:00:00.000000000,0.807000228
2015-01-03T00:00:00.000000000,3.78052713
2015-01-04T00:00:00.000000000,-0.756799767
2015-01-05T00:00:00.000000000,0.954626233
2015-01-06T00:00:00.000000000,-0.12264416
2015-01-07T00:00:00.000000000,0.345024081
2015-01-08T00:00:00.000000000,-1.19298099
2015-01-09T00:00:00.000000000,-2.73450951
2015-01-10T00:00:00.000000000,-0.749116137
2015-01-11T00:00:00.000000000,-0.700835216
2015-01-12T00:00:00.000000000,-0.178173005
2015-01-13T00:00:00.000000000,-2.10122489
2015-01-14T00:00:00.000000000,0.0235579535
2015-01-15T00:00:00.000000000,-0.181009647
2015-01-16T00:00:00.000000000,-1.35148223
2015-01-17T00:00:00.000000000,0.451333111
2015-01-18T00:00:00.000000000,-0.362598705
2015-01-19T00:00:00.000000000,0.261253637
2015-01-20T00:00:00.000000000,-0.628918718
2015-01-21T00:00:00.000000000,1.77915934
2015-01-22T00:00:00.000000000,-0.428866978
2015-01-23T00:00:00.000000000,1.53702104
2015-01-24T00:00:00.000000000,-0.236859192
2015-01-25T00:00:00.000000000,1.06579138
2015-01-26T00:00:00.000000000,-0.541026089
2015-01-27T00:00:00.000000000,-0.769719954
2015-01-28T00:00:00.000000000,-0.540971777
2015-01-29T00:00:00.000000000,-0.39408453
2015-01-30T00:00:00.000000000,-0.706137997
2015-01-31T00:00:00.000000000,1.3578886
2015-02-01T00:00:00.000000000,-1.53592568
2015-02-02T00:00:00.000000000,-0.464455421
2015-02-03T00:00:00.000000000,2.03540665
2015-02-04T00:00:00.000000000,-0.402966739
2015-02-05T00:00:00.000000000,-1.82021265
2015-02-06T00:00:00.000000000,1.56624281
2015-02-07T00:00:00.000000000,-0.243909283
2015-02-08T00:00:00.000000000,-2.60715312
2015-02-09T00:00:00.000000000,0.279706923
2015-02-10T00:00:00.000000000,-0.515675871
2015-02-11T00:00:00.000000000,-0.0193084341
2015-02-12T00:00:00.000000000,0.69210995
2015-02-13T00:00:00.000000000,0.119031907
2015-02-14T00:00:00.000000000,1.5200709
2015-02-15T00:00:00.000000000,-0.037890704
2015-02-16T00:00:00.000000000,-0.489482898
2015-02-17T00:00:00.000000000,-0.49652922
2015-02-18T00:00:00.000000000,0.428350633
2015-02-19T00:00:00.000000000,-2.60420174
2015-02-20T00:00:00.000000000,0.951980424
2015-02-21T00:00:00.000000000,-1.66679172
2015-02-22T00:00:00.000000000,-0.522017937
2015-02-23T00:00:00.000000000,0.448597073
2015-02-24T00:00:00.000000000,0.677125371
2015-02-25T00:00:00.000000000,-2.1404218
2015-02-26T00:00:00.000000000,0.098954822
2015-02-27T00:00:00.000000000,-0.00652468431
2015-02-28T00:00:00.000000000,-1.42995643
2015-03-01T00:00:00.000000000,0.753705412
2015-03-02T00:00:00.000000000,-2.42282258
2015-03-03T00:00:00.000000000,0.858740784
2015-03-04T00:00:00.000000000,-0.0138703908
2015-03-05T00:00:00.000000000,-0.553480316
2015-03-06T00:00:00.000000000,1.3287372
2015-03-07T00:00:00.000000000,-1.30752143
2015-03-08T00:00:00.000000000,1.69992675
2015-03-09T00:00:00.000000000,-0.962845011
2015-03-10T00:00:00.000000000,0.82984735
2015-03-11T00:00:00.000000000,-0.347605417
2015-03-12T00:00:00.000000000,0.885973008
2015-03-13T00:00:00.000000000,0.738005194
2015-03-14T00:00:00.000000000,-1.47310589
2015-03-15T00:00:00.000000000,0.616763439
2015-03-16T00:00:00.000000000,-0.266609173
2015-03-17T00:00:00.000000000,-0.704952232
2015-03-18T00:00:00.000000000,-0.782164766
2015-03-19T00:00:00.000000000,1.90347817
2015-03-20T00:00:00.000000000,-0.459252312
2015-03-21T00:00:00.000000000,1.8419292
2015-03-22T00:00:00.000000000,-0.261991481
2015-03-23T00:00:00.000000000,-0.418733229
2015-03-24T00:00:00.000000000,0.640367333
2015-03-25T00:00:00.000000000,-1.07896978
2015-03-26T00:00:00.000000000,2.22392859
2015-03-27T00:00:00.000000000,-0.361902991
2015-03-28T00:00:00.000000000,1.65158737
2015-03-29T00:00:00.000000000,0.335915044
2015-03-30T00:00:00.000000000,0.138192444
2015-03-31T00:00:00.000000000,0.312809852
2015-04-01T00:00:00.000000000,0.196810422
2015-04-02T00:00:00.000000000,0.671351576
2015-04-03T00:00:00.000000000,-0.194629631
2015-04-04T00:00:00.000000000,-0.294829539
2015-04-05T00:00:00.000000000,-0.713476413
2015-04-06T00:00:00.000000000,-0.104005724
2015-04-07T00:00:00.000000000,0.0636801533
2015-04-08T00:00:00.000000000,-1.22506393e-05
2015-04-09T00:00:00.000000000,0.0394780447
2015-04-10T00:00:00.000000000,-0.287302349
2015-04-11T00:00:00.000000000,0.398831881
2015-04-12T00:00:00.000000000,0.357064922
2015-04-13T00:00:00.000000000,-0.287190693
2015-04-14T00:00:00.000000000,0.335303063
2015-04-15T00:00:00.000000000,-0.0124818567
2015-04-16T00:00:00.000000000,0.968265383
2015-04-17T00:00:00.000000000,-0.632740872
2015-04-18T00:00:00.000000000,0.502674157
2015-04-19T00:00:00.000000000,0.500510606
2015-04-20T00:00:00.000000000,0.570837558
2015-04-21T00:00:00.000000000,1.52476935
2015-04-22T00:00:00.000000000,0.712262033
2015-04-23T00:00:00.000000000,1.13054467
2015-04-24T00:00:00.000000000,-0.938678164
2015-04-25T00:00:00.000000000,1.28285148
2015-04-26T00:00:00.000000000,1.91112967
2015-04-27T00:00:00.000000000,-1.54790445
2015-04-28T00:00:00.000000000,0.0165188147
2015-04-29T00:00:00.000000000,0.428362116
2015-04-30T00:00:00.000000000,0.509319644
2015-05-01T00:00:00.000000000,-0.0497512404
2015-05-02T00:00:00.000000000,-0.34009602
2015-05-03T00:00:00.000000000,0.523234245
2015-05-04T00:00:00.000000000,1.0585249
2015-05-05T00:00:00.000000000,0.311277635
2015-05-06T00:00:00.000000000,2.59466766
2015-05-07T00:00:00.000000000,1.03280891
2015-05-08T00:00:00.000000000,1.0828789
2015-05-09T00:00:00.000000000,1.57438193
2015-05-10T00:00:00.000000000,-0.0641532772
2015-05-11T00:00:00.000000000,-0.617488116
2015-05-12T00:00:00.000000000,0.447234358
2015-05-13T00:00:00.000000000,0.0581424596
2015-05-14T00:00:00.000000000,-1.73513999
2015-05-15T00:00:00.000000000,-0.0445444073
2015-05-16T00:00:00.000000000,-0.536201203
2015-05-17T00:00:00.000000000,-0.235798264
2015-05-18T00:00:00.000000000,-0.581078249
2015-05-19T00:00:00.000000000,0.466105872
2015-05-20T00:00:00.000000000,0.0106458072
2015-05-21T00:00:00.000000000,1.09609426
2015-05-22T00:00:00.000000000,-1.76027047
2015-05-23T00:00:00.000000000,2.3468901
2015-05-24T00:00:00.000000000,0.89099704
2015-05-25T00:00:00.000000000,-0.249430623
2015-05-26T00:00:00.000000000,1.56269939
2015-05-27T00:00:00.000000000,0.916881087
2015-05-28T00:00:00.000000000,-0.648407218
2015-05-29T00:00:00.000000000,0.689184476
2015-05-30T00:00:00.000000000,0.706018798
2015-05-31T00:00:00.000000000,-0.0176054458
2015-06-01T00:00:00.000000000,1.27220919
2015-06-02T00:00:00.000000000,0.211129238
2015-06-03T00:00:00.000000000,0.470093025
2015-06-04T00:00:00.000000000,-0.44005888
2015-06-05T00:00:00.000000000,-0.158253171
2015-06-06T00:00:00.000000000,-0.592925898
2015-06-07T00:00:00.000000000,1.45772452
2015-06-08T00:00:00.000000000,-0.347867871
2015-06-09T00:00:00.000000000,-0.673797861
2015-06-10T00:00:00.000000000,1.18228041
2015-06-11T00:00:00.000000000,-0.499399659
2015-06-12T00:00:00.000000000,-3.19561208
2015-06-13T00:00:00.000000000,1.15258365
2015-06-14T00:00:00.000000000,-2.62239968
2015-06-15T00:00:00.000000000,0.116830574
2015-06-16T00:00:00.000000000,-1.39881041
2015-06-17T00:00:00.000000000,-1.55834205
2015-06-18T00:00:00.000000000,0.671166789
2015-06-19T00:00:00.000000000,-2.31893851
2015-06-20T00:00:00.000000000,-0.437055293
2015-06-21T00:00:00.000000000,-0.00623839867
2015-06-22T00:00:00.000000000,-0.0109108465
2015-06-23T00:00:00.000000000,0.549741489
2015-06-24T00:00:00.000000000,0.0597247796
2015-06-25T00:00:00.000000000,-0.418003972
2015-06-26T00:00:00.000000000,2.30287547
2015-06-27T00:00:00.000000000,-1.2513474
2015-06-28T00:00:00.000000000,2.25221127
2015-06-29T00:00:00.000000000,-0.417892538
2015-06-30T00:00:00.000000000,1.61107299
2015-07-01T00:00:00.000000000,1.2430276
2015-07-02T00:00:00.000000000,-1.04689914
2015-07-03T00:00:00.000000000,1.23376673
2015-07-04T00:00:00.000000000,0.691664515
2015-07-05T00:00:00.000000000,0.342828794
2015-07-06T00:00:00.000000000,-0.00593091373
2015-07-07T00:00:00.000000000,0.778659781
2015-07-08T00:00:00.000000000,-0.304468289
2015-07-09T00:00:00.000000000,-1.06196866
2015-07-10T00:00:00.000000000,1.19055602
2015-07-11T00:00:00.000000000,-1.22643479
2015-07-12T00:00:00.000000000,1.43535413
2015-07-13T00:00:00.000000000,0.453798507
2015-07-14T00:00:00.000000000,-0.767113823
2015-07-15T00:00:00.000000000,0.611993743
2015-07-16T00:00:00.000000000,-0.341203983
2015-07-17T00:00:00.000000000,-1.12976416
2015-07-18T00:00:00.000000000,0.541332149
2015-07-19T00:00:00.000000000,-0.926081761
2015-07-20T00:00:00.000000000,1.61657691
2015-07-21T00:00:00.000000000,0.541397593
2015-07-22T00:00:00.000000000,-0.706444081
2015-07-23T00:00:00.000000000,0.904812118
2015-07-24T00:00:00.000000000,-0.228749435
2015-07-25T00:00:00.000000000,-1.78891269
2015-07-26T00:00:00.000000000,1.17042904
2015-07-27T00:00:00.000000000,0.226177266
2015-07-28T00:00:00.000000000,0.545563799
2015-07-29T00:00:00.000000000,-0.0777687523
2015-07-30T00:00:00.000000000,1.72297655
2015-07-31T00:00:00.000000000,-0.282996123
2015-08-01T00:00:00.000000000,1.1606978
2015-08-02T00:00:00.000000000,1.88326817
2015-08-03T00:00:00.000000000,-0.00477722847
2015-08-04T00:00:00.000000000,-0.622868075
2015-08-05T00:00:00.000000000,0.552719868
2015-08-06T00:00:00.000000000,0.320654437
2015-08-07T00:00:00.000000000,0.570862214
2015-08-08T00:00:00.000000000,-1.28054151
2015-08-09T00:00:00.000000000,0.594468183
2015-08-10T00:00:00.000000000,0.297273489
2015-08-11T00:00:00.000000000,-0.00897160091
2015-08-12T00:00:00.000000000,0.836261187
2015-08-13T00:00:00.000000000,-0.930023142
2015-08-14T00:00:00.000000000,0.169836212
2015-08-15T00:00:00.000000000,1.08125732
2015-08-16T00:00:00.000000000,-0.22083377
2015-08-17T00:00:00.000000000,0.545260123
2015-08-18T00:00:00.000000000,1.45573779
2015-08-19T00:00:00.000000000,0.131203359
2015-08-20T00:00:00.000000000,0.979303989
2015-08-21T00:00:00.000000000,-0.0513514798
2015-08-22T00:00:00.000000000,-1.0924802
2015-08-23T00:00:00.000000000,-0.962224013
2015-08-24T00:00:00.000000000,-0.164500034
2015-08-25T00:00:00.000000000,-1.0065052
2015-08-26T00:00:00.000000000,-0.980972224
2015-08-27T00:00:00.000000000,0.411362881
2015-08-28T00:00:00.000000000,-1.21012358
2015-08-29T00:00:00.000000000,0.188414915
2015-08-30T00:00:00.000000000,-0.213467188
2015-08-31T00:00:00.000000000,-1.06976469
2015-09-01T00:00:00.000000000,-2.10266369
2015-09-02T00:00:00.000000000,1.65831512
2015-09-03T00:00:00.000000000,-0.91612668
2015-09-04T00:00:00.000000000,-2.97995693
2015-09-05T00:00:00.000000000,0.638345957
2015-09-06T00:00:00.000000000,-0.225173156
2015-09-07T00:00:00.000000000,-1.2340646
2015-09-08T00:00:00.000000000,0.616165985
2015-09-09T00:00:00.000000000,-1.0396395
2015-09-10T00:00:00.000000000,0.475478073
2015-09-11T00:00:00.000000000,-0.20639848
2015-09-12T00:00:00.000000000,-0.411795205
2015-09-13T00:00:00.000000000,-0.147911293
2015-09-14T00:00:00.000000000,0.173001632
2015-09-15T00:00:00.000000000,0.771542236
2015-09-16T00:00:00.000000000,-0.723044887
2015-09-17T00:00:00.000000000,0.0385282267
2015-09-18T00:00:00.000000000,0.362793481
2015-09-19T00:00:00.000000000,-0.433470921
2015-09-20T00:00:00.000000000,0.335629778
2015-09-21T00:00:00.000000000,0.653294782
2015-09-22T00:00:00.000000000,1.22716645
2015-09-23T00:00:00.000000000,-0.0435140204
2015-09-24T00:00:00.000000000,-1.65116528
2015-09-25T00:00:00.000000000,0.738258486
2015-09-26T00:00:00.000000000,-0.350327309
2015-09-27T00:00:00.000000000,-0.961805863
